{"cameraMode":{"drawMode":0,"name":"Shaded","section":"Shading Mode"},"sceneLighting":true,"audioPlay":false,"sceneViewState":{"showFog":true,"showMaterialUpdate":false,"showSkybox":true,"showFlares":true,"showImageEffects":true,"showParticleSystems":true,"showVisualEffectGraphs":true,"m_FxEnabled":true},"in2DMode":false,"pivot":{"x":-44.115779876708987,"y":-8.925058364868164,"z":-33.654197692871097},"rotation":{"x":-0.040687065571546558,"y":0.9097172617912293,"z":-0.09205403178930283,"w":-0.40299805998802187},"size":28.968353271484376,"orthographic":false}